insert into teacher (name, assigned_class, login_id, password)
values('日村 勇紀', 1, 'himura01', 'himura_nogi'), ('設楽 統', 2, 'shitara01', 'shitara_nogi');

insert into classroom (teacher_id, name, address, capacity)
values(1, '本校', '東京都北区赤羽', 50), (2, '王子校', '東京都北区王子', 30);

insert into
    student (teacher_id, classroom_id, name, login_id, password)
values
    (1, 1, '遠藤 さくら', 'saku_hon', 'sakura_karen'),
    (1, 1, '筒井 あやめ', 'ayam_hon', 'ayame_zabun'),
    (2, 2, '嘉喜 遥香', 'haru_oji', 'haruka_massara'),
    (2, 2, '山下 美月', 'mizu-oji', 'mizuki_wasure');


insert into
    classes (class_date, class_time, classroom_id)
values
    ('2023/12/26', 1, 1),
    ('2023/12/26', 2, 1),
    ('2023/12/26', 3, 1),
    ('2023/12/26', 4, 1),
    ('2023/12/26', 5, 1),
    ('2023/12/27', 1, 1),
    ('2023/12/27', 2, 1),
    ('2023/12/27', 3, 1),
    ('2023/12/27', 4, 1),
    ('2023/12/27', 5, 1),
    ('2023/12/28', 3, 1),
    ('2023/12/28', 4, 1),
    ('2023/12/28', 5, 1),
    ('2023/12/29', 1, 1),
    ('2023/12/29', 2, 1),
    ('2023/12/29', 3, 1),
    ('2023/12/29', 4, 1),
    ('2023/12/29', 5, 1),
    ('2023/12/30', 1, 1),
    ('2023/12/30', 2, 1),
    ('2023/12/26', 1, 2),
    ('2023/12/26', 2, 2),
    ('2023/12/26', 3, 2),
    ('2023/12/26', 4, 2),
    ('2023/12/26', 5, 2),
    ('2023/12/27', 1, 2),
    ('2023/12/27', 2, 2),
    ('2023/12/27', 3, 2),
    ('2023/12/27', 4, 2),
    ('2023/12/27', 5, 2),
    ('2023/12/28', 1, 2),
    ('2023/12/28', 2, 2),
    ('2023/12/28', 5, 2),
    ('2023/12/29', 1, 2),
    ('2023/12/29', 2, 2),
    ('2023/12/29', 3, 2),
    ('2023/12/29', 4, 2),
    ('2023/12/29', 5, 2),
    ('2023/12/30', 1, 2),
    ('2023/12/30', 2, 2);
